name,category,latitude,longitude,address,phone,website,opening_hours,products_services,sources,source_ids,source_count,google_present,osm_present
المركز الصحي المقاطن,clinic,13.957544,44.212053,,,,,,['osm'],['node/1218207812'],1,False,True
الوحدة الصحية المقاطن,clinic,13.9575277,44.2120429,,,,,,['osm'],['node/1218207815'],1,False,True
مركز صحي هدفان,hospital,13.903168,44.18697,,,,,,['osm'],['node/1218208805'],1,False,True
مكتبة جبله,hospital,13.9259194,44.1496017,,,,,,['osm'],['node/1219347924'],1,False,True
معهد بن عقيل,hospital,13.9262278,44.1494195,,,,,,['osm'],['node/1219347979'],1,False,True
الوحدة الصحية أنامر أسفل,hospital,13.946708,44.159361,,,,,,['osm'],['node/1219348030'],1,False,True
المركز الصحي منزل موسى,clinic,13.993639,44.218411,,,,,,['osm'],['node/1223235596'],1,False,True
المركز الصحي البيت الجديد,clinic,13.997137,44.241001,,,,,,['osm'],['node/1223235640'],1,False,True
مستشفى الثورة العام,hospital,13.977509,44.169462,خط اب الحديدة,,,,,['osm'],['node/1223237722'],1,False,True
مركز صحة الأسرة,clinic,13.979554,44.175074,,,,,,['osm'],['node/1223237731'],1,False,True
مستشفى ناصر العام,hospital,13.979879,44.185757,,,,,,['osm'],['node/1223237742'],1,False,True
وحدة صحية بيت الأغبري,clinic,13.964927,44.181097,,,,,,['osm'],['node/1223237914'],1,False,True
الوحدة الصحية الموية,clinic,13.973327,44.205713,,,,,,['osm'],['node/1223237989'],1,False,True
المركز الصحي بحبرانة بلاح,clinic,13.951198,44.235283,,,,,,['osm'],['node/1223241389'],1,False,True
,fuel,14.0257933,44.1730242,,,,,,['osm'],['node/2195121204'],1,False,True
,supermarket,14.0365315,44.1728978,,,,,,['osm'],['node/2406406033'],1,False,True
جامع الأميرة أم جلوي,place_of_worship,14.03662,44.1720609,,,,,,['osm'],['node/2406406034'],1,False,True
,restaurant,14.0358758,44.1721253,,,,,,['osm'],['node/2406406035'],1,False,True
مطعم الدار,restaurant,13.9799357,44.1592277,خط تعز صنعاء,,,,,['osm'],['node/4107644589'],1,False,True
مطعم ريتاج,restaurant,13.9807153,44.1586602,خط تعز صنعاء,,,,,['osm'],['node/4109123390'],1,False,True
اسواق مكه,clothes,13.9655118,44.1817723,طريق اب القديمة,,,,,['osm'],['node/4109123689'],1,False,True
home center,clothes,13.958272,44.1813906,,,,,,['osm'],['node/4109165693'],1,False,True
فندق الفخامه,hotel,13.9685002,44.1607472,خط تعز صنعاء,,,,,['osm'],['node/4109165694'],1,False,True
سوبرماركت ظمران ,supermarket,13.9655404,44.1640815,خط تعز صنعاء,,,,,['osm'],['node/4109193591'],1,False,True
بريد المثلث,post_office,13.9508052,44.1770417,,,,,,['osm'],['node/4123783393'],1,False,True
محطة بترول جبل بعدان,fuel,13.9690804,44.1951386,جبل بعدان,,,,,['osm'],['node/4127357589'],1,False,True
ستي ماكس,clothes,13.9511224,44.1765271,خط تعز صنعاء,,,,,['osm'],['node/4315878690'],1,False,True
التوفير مول,clothes,13.9524747,44.1761022,خط تعز صنعاء,,,,,['osm'],['node/4315881692'],1,False,True
مدرسة الأقصى الأهلية,school,13.9336957,44.1750856,خط تعز صنعاء,,,,,['osm'],['node/4315882390'],1,False,True
مارح,fuel,13.9519664,44.1763702,خط تعز صنعاء,,,,,['osm'],['node/4315893389'],1,False,True
مستشفى المنار,hospital,13.952138,44.176893,خط تعز صنعاء,,,,,['osm'],['node/4315893390'],1,False,True
مثلث الاتصالات,convenience,13.9507883,44.1761167,,,,,,['osm'],['node/4367901716'],1,False,True
سوق الظهار,attraction,13.9719892,44.1712923,,,,,,['osm'],['node/4367944813'],1,False,True
المشنه,attraction,13.9734219,44.1973941,,,,,,['osm'],['node/4367948703'],1,False,True
جامع البر,place_of_worship,13.9755468,44.1705426,حارة البر,,,,,['osm'],['node/4367948804'],1,False,True
فندق الملكة أروى,hotel,13.968491,44.1698851,شارع الملكه اروئ,,,,,['osm'],['node/4375746892'],1,False,True
مارح,fuel,13.9586444,44.1809052,خط تعز صنعاء,,,,,['osm'],['node/4375768698'],1,False,True
العزي الساده,supermarket,13.9560847,44.1801342,خط تعز صنعاء,,,,,['osm'],['node/4375768791'],1,False,True
التلميع الساطع,car_wash,13.9627598,44.1774719,,,,,,['osm'],['node/4375768792'],1,False,True
مفرق ميتم,bus_station,13.9570139,44.1809996,خط تعز صنعاء,,,,,['osm'],['node/4375768991'],1,False,True
مركز المهندس ابراهيم صبر خدمات الالكترونيات,car_repair,13.9770418,44.1813052,"شارع العدين الخلفي, 04",773915035,http://Lion esmaeil sabeer@facebook.com,Sa-Th 09:00-22:30,,['osm'],['node/4389265291'],1,False,True
مطاعم سيتي برجر,restaurant,13.973907,44.1840641,,,,,,['osm'],['node/4406500093'],1,False,True
فندق وغرف خليج سرت,hotel,13.9770466,44.1829398,,,,,,['osm'],['node/4406517393'],1,False,True
مركز برج المدينه التجاري,clothes,13.9739347,44.1840263,,,,,,['osm'],['node/4406521990'],1,False,True
فندق واجنحه ٢٢ مايو السياحي,hotel,13.968988,44.1822163,,,,,,['osm'],['node/4406543489'],1,False,True
مستشفى دار الشفاء التخصصي,hospital,13.9673814,44.1820407,,,,,,['osm'],['node/4406569393'],1,False,True
فندق النور السياحي,hotel,13.9701028,44.1601497,,,,,,['osm'],['node/4406573697'],1,False,True
محطه لؤلؤه مارب,fuel,13.9718576,44.1596376,,,,,,['osm'],['node/4406573796'],1,False,True
فندق الحمدي السياحي,motel,13.973199,44.1670181,,,,,,['osm'],['node/4406587092'],1,False,True
فندق ومنتزه تاج اب,hotel,13.9637669,44.1883147,,,,,,['osm'],['node/4406593998'],1,False,True
فندق الانوار السياحي,hotel,13.957333,44.181186,,,,,,['osm'],['node/4406594099'],1,False,True
مطعم الاخوين للفول الجره والتميز,restaurant,13.967645,44.1822643,,,,,,['osm'],['node/4406594100'],1,False,True
فندق ومنتزه الامبراطور,hotel,13.9638853,44.1885312,,,,,,['osm'],['node/4406594290'],1,False,True
مركز التوفير مول,clothes,13.953459,44.1758742,,,,,,['osm'],['node/4406594292'],1,False,True
محطه ابو حليقه,fuel,13.9690874,44.161018,,,,,,['osm'],['node/4406594293'],1,False,True
فندق واجنحه اب بلازا 2,hotel,13.9738319,44.1607598,,,,,,['osm'],['node/4406601691'],1,False,True
فندق الوان اب السياحي,hotel,13.9807297,44.1591485,,,,,,['osm'],['node/4406601692'],1,False,True
مطاعم غوزي,restaurant,13.9795442,44.1593844,,,,,,['osm'],['node/4406603194'],1,False,True
بوفيه سنابي,restaurant,13.967475,44.1822501,,,,,,['osm'],['node/4406608189'],1,False,True
فندق واجنحه عرش بلقيس السياحي,hotel,13.9678817,44.1823395,,,,,,['osm'],['node/4406608289'],1,False,True
فندق وأجنحة الدوحة السياحي,hotel,13.9753338,44.1728483,,,,,,['osm'],['node/4406608290'],1,False,True
فندق نشوان السياحي,hotel,13.9742726,44.1705365,,,,,,['osm'],['node/4406608389'],1,False,True
مطاعم ومطابخ حضرموت,restaurant,13.9515466,44.1764179,,,,,,['osm'],['node/4406608392'],1,False,True
مطعم ومخبازه لؤلؤه تعز,restaurant,13.9657565,44.1639662,,,,,,['osm'],['node/4406608393'],1,False,True
مطاعم الخيمه,restaurant,13.9567047,44.1742967,,,,,,['osm'],['node/4406611892'],1,False,True
فندق وأجنحة إب بلازا,hotel,13.964733,44.1646376,,,,,,['osm'],['node/4406611893'],1,False,True
فندق سام السياحي,hotel,13.9718177,44.1619816,,,,,,['osm'],['node/4407131496'],1,False,True
جبل ربي,attraction,13.9807011,44.1709016,,,,,,['osm'],['node/4407993697'],1,False,True
فندق وأجنحة قصر غمدان السياحي,hotel,13.971452,44.1628947,,,,,,['osm'],['node/4408063389'],1,False,True
جبل بعدان,artwork,13.9678013,44.1959202,,,,,,['osm'],['node/4418404231'],1,False,True
عالم الطاقة وكيل شركة سوكام الهندية,convenience,13.9708986,44.1825486,خط تعز صنعاء,04402560,,Mo-Su 08:00-20:00,,['osm'],['node/4455161801'],1,False,True
مستشفى جبله,hospital,13.9234586,44.1518936,,,,,,['osm'],['node/4464769290'],1,False,True
استراحه فرع اب النفط,viewpoint,13.9685412,44.1563552,,,,,,['osm'],['node/4534462293'],1,False,True
فرع شركة النفط إب,government,13.9762616,44.1800867,,,,,,['osm'],['node/4534538294'],1,False,True
يمن موبايل,mobile_phone,13.97207,44.17544,,,https://www.yemenmobile.com.ye/,,,['osm'],['node/4753405121'],1,False,True
مدرسة الشهيد الصباحي,school,13.9720391,44.1750044,,,,,,['osm'],['node/4825567322'],1,False,True
صالة سباء سبورت,guest_house,13.9693281,44.1774741,شارع المحافظة,,,Mo-Su 12:30-00:05,,['osm'],['node/4876104122'],1,False,True
كلية التربية إب,college,13.9774893,44.1780392,,,,,,['osm'],['node/4876104123'],1,False,True
مكتب محافظة إب,government,13.970563,44.1770002,,,,,,['osm'],['node/4876124621'],1,False,True
مخزن اديزون استيراد وبيع كاميرات مراقبة,computer,13.9656227,44.1809486,شارع تعز,777475675,,,,['osm'],['node/4947954023'],1,False,True
بقالة بن فيروز,supermarket,13.9598112,44.181341,,,,,,['osm'],['node/5015694721'],1,False,True
البنك المركزي اليمني إب,bank,13.9779028,44.1779265,,,,,,['osm'],['node/5015694921'],1,False,True
مطعم الفخامة,restaurant,13.9686258,44.1608031,,,,,,['osm'],['node/5015694922'],1,False,True
جامعة إب كلية التربية,school,13.9776176,44.1783621,,,,,,['osm'],['node/5015695921'],1,False,True
مستشفى النصب العام,hospital,13.9599334,44.1806047,,,,,,['osm'],['node/5015696321'],1,False,True
مجمع السعيد التربوي للبنات,school,13.9635844,44.1805095,,,,,,['osm'],['node/5015704822'],1,False,True
جامع الرحمن الظهار,place_of_worship,13.9591123,44.1822843,شارع جبله,,,,,['osm'],['node/5024435923'],1,False,True
المؤسسة الاقتصادية اليمنية إب,community_centre,13.941439,44.1794926,,,,,,['osm'],['node/5043730322'],1,False,True
صيدلية أوسان,pharmacy,13.9693595,44.1330826,,,,,,['osm'],['node/5056807723'],1,False,True
البلاد مول,department_store,13.9624302,44.1676936,خط تعز صنعاء,,,24/7,,['osm'],['node/5056807724'],1,False,True
الانصار,place_of_worship,13.9697444,44.1540299,,,,,,['osm'],['node/5056808227'],1,False,True
مستشفى المجد,hospital,13.951965,44.1849332,,,,24/7,,['osm'],['node/5056808228'],1,False,True
مركز تحطيم الأسعار,convenience,13.9660001,44.163015,خط تعز صنعاء,,,,,['osm'],['node/5056832822'],1,False,True
,atm,13.9655838,44.1640796,,,,24/7,,['osm'],['node/5104938122'],1,False,True
مركز النمر لقطع غيار,car_parts,13.963361,44.1522166,خط ‏الثلاثين جوبله,04458666,,Sa-Th 09:00-21:00; Fr 14:00-20:00,,['osm'],['node/5127908822'],1,False,True
راحة للنقل,bus_station,13.9734307,44.1605701,,,,,,['osm'],['node/5132911421'],1,False,True
مثلث المنصوب,information,13.9765872,44.1576316,مثلث المنصوب,,,,,['osm'],['node/5150171821'],1,False,True
فندق القصر الملكي,hotel,13.9726378,44.1599711,,,,,,['osm'],['node/5155288822'],1,False,True
فلافل الوردة الشامية,fast_food,13.9688,44.16384,,,,,,['osm'],['node/5209692421'],1,False,True
Google.com,mobile_phone,13.9783617,44.1657363,,,,,,['osm'],['node/5212953121'],1,False,True
مدرسة الشهيد محمد الدرة,school,13.9408408,44.1821328,إب,,,,,['osm'],['node/5235489724'],1,False,True
مغاسل بغداد البخارية,laundry,13.971113,44.1509548,خط اب الحديدة,+9674457437,,Mo-Su 07:00-23:00,,['osm'],['node/5359072321'],1,False,True
مستشفى النور التخصصي,hospital,13.9712335,44.1493826,خط اب الحديدة,,,24/7,,['osm'],['node/5359072421'],1,False,True
مستشفى الحمد التخصصي,hospital,13.9715307,44.1468795,,,,24/7,,['osm'],['node/5359072621'],1,False,True
أطباء بلا حدود-سويسرا,ngo,13.9690025,44.1658557,,,http://MSF.org,Sa-We 07:30-18:00,,['osm'],['node/5409542422'],1,False,True
افرست,artwork,13.9594172,44.1780965,,,,,,['osm'],['node/5493819531'],1,False,True
مطاعم سماء إب السياحية,restaurant,13.9685369,44.138543,,,,24/7,,['osm'],"['node/5623131824', 'node/5706884821']",1,False,True
فندق سماء إب,hotel,13.9686039,44.1387825,,,,,,['osm'],['node/5625437421'],1,False,True
مطاعم سماء إب,restaurant,13.9685247,44.1384594,,,,,,['osm'],['node/5631134262'],1,False,True
المركز الإستشاري للأمراض الجلدية,hospital,13.9727416,44.1833068,"شارع تعز, 04414938",+967770773031,,Sa-Th 14:00-20:00,,['osm'],['node/5638758021'],1,False,True
الصرمي للمفروشات,furniture,13.9803771,44.1675907,إب,,,,,['osm'],['node/5654622653'],1,False,True
مركز النمر,attraction,13.9749409,44.1773987,,,,,,['osm'],['node/5703076727'],1,False,True
عبايات الشارقة 2,clothes,13.9747349,44.1771988,شارع العدين,777255285,,Mo-Su 08:00-23:00,,['osm'],['node/5706964821'],1,False,True
الفتح موبايل,mobile_phone,13.9744375,44.1676176,,,,,,['osm'],['node/5721467421'],1,False,True
صالون الأمراء,hairdresser,13.9666903,44.182127,خط تعز صنعاء,777433994,https://www.zoom.com/,,,['osm'],['node/5778897054'],1,False,True
العلاية,attraction,13.9974716,44.2048124,,,,,,['osm'],['node/5779550155'],1,False,True
فندق قراند اب,hotel,13.9667309,44.1625366,الدائري,,,,,['osm'],['node/5842407589'],1,False,True
مكتب برنامج الغذاء العالمي,ngo,13.9641228,44.1608221,جولة العدين,,http://www.WFP.ORG,Su-Th 08:00-16:00,,['osm'],['node/5842420486'],1,False,True
فندق برج النمر السياحي,hotel,13.9343281,44.1781313,شارع جبله,,,,,['osm'],['node/5842420487'],1,False,True
فندق الثلاثين,hotel,13.9539658,44.1665332,شارع الثلاثين,,,,,['osm'],['node/5844390885'],1,False,True
مسجد التوحيد,place_of_worship,13.9646239,44.18584,شارع التوحيد,,,,,['osm'],['node/5879049786'],1,False,True
جامع حُمران,place_of_worship,13.9627027,44.1873855,شارع العين,,,,,['osm'],['node/5879049787'],1,False,True
المصنع الحديث ابواب سحاب,convenience,13.9835179,44.1619566,المعاين طلعه حيدر,777000046,https://mfddoors.business.site,Sa-Th 08:00-21:00,,['osm'],['node/5912771985'],1,False,True
ابار مكه للمياه الصحيه,drinking_water,13.9697615,44.1446416,,,,,,['osm'],['node/5924190285'],1,False,True
صيدلية إكسير فارما,pharmacy,13.9714735,44.159133,خط اب الحديدة,,https://www.facebook.com/%D8%B5%D9%8A%D8%AF%D9%84%D9%8A%D8%A9-%D8%A5%D9%83%D8%B3%D9%8A%D8%B1-%D9%81%D8%A7%D8%B1%D9%85%D8%A7-2099051230411925/,,,['osm'],['node/5927667997'],1,False,True
فندق مزايا,hotel,13.9521116,44.1788635,شارع تعز,,,,,['osm'],['node/5934489789'],1,False,True
محطة المدينة السياحية,fuel,13.9626366,44.1774443,شارع بغداد,,,Mo-Su 07:00-22:00,,['osm'],['node/5939357486'],1,False,True
معهد سبيك ناو,educational_institution,13.9702683,44.1808166,,,,,,['osm'],['node/5964788839'],1,False,True
بن شرهان للصرافه,bank,13.9533767,44.1755577,شارع الدائري,713020732,,,,['osm'],['node/6083152285'],1,False,True
مدرسة أسماء للبنات,school,13.9754082,44.1908126,طريق اب القديمة,,,,,['osm'],['node/6111334685'],1,False,True
مستشفى الرواد النموذجي,doctors,13.9741689,44.1605552,"جولة العدين حي المنصوب أمتداد خط صنعاء, 04400766",771774536,https://m.facebook.com/alllrowad,24/7,,['osm'],['node/6146420286'],1,False,True
مختبرات الفا,clinic,13.9649984,44.1649706,,,,,,['osm'],['node/6276232688'],1,False,True
مستشفى الكندي,clinic,13.9694176,44.166428,,,,,,['osm'],['node/6276232689'],1,False,True
مطعم الدار,restaurant,13.9579927,44.1732363,,,,,,['osm'],['node/6276269785'],1,False,True
مطاعم الكنج الشيباني,restaurant,13.9811401,44.160946,,,,,,['osm'],['node/6321269605'],1,False,True
محطة المعاين,fuel,13.98253,44.1623005,,,,,,['osm'],['node/6321269606'],1,False,True
,restaurant,14.011343,44.1754246,,,,,,['osm'],['node/6321269609'],1,False,True
,fuel,14.0115851,44.1754031,,,,,,['osm'],['node/6321269610'],1,False,True
,place_of_worship,14.0110984,44.1756606,,,,,,['osm'],['node/6321269611'],1,False,True
,fuel,13.9317164,44.2164785,,,,,,['osm'],['node/6321440182'],1,False,True
,fuel,13.9456619,44.1767442,,,,,,['osm'],['node/6321440286'],1,False,True
جامع الإيمان,place_of_worship,14.0152722,44.1759906,,,,,,['osm'],['node/6345915482'],1,False,True
مسجد التوحيد,place_of_worship,13.9817544,44.1607626,,,,,,['osm'],['node/6345915496'],1,False,True
المركز الاستشاري الطبي,clinic,13.9712613,44.176326,04414686,,,,,['osm'],['node/6346956885'],1,False,True
شركة العمقي وإخوانه للصرافة - فرع إب,bureau_de_change,13.9710324,44.1613195,جولة العدين- بجانب بنك سبأ الاسلامي,+9674404802;+967774332300,https://alomqy.com/,Sa-Th 08:30-20:00,,['osm'],['node/6423557170'],1,False,True
وادي,viewpoint,13.9249973,44.2279932,,,,,,['osm'],['node/6424374285'],1,False,True
الأولى للنقل,bus_station,13.9740448,44.1609425,,,,,,['osm'],['node/6499465520'],1,False,True
عالم التقنية للكمبيوتر,computer,13.9680825,44.1821867,شارع تعز,0096704429111,,Sa-Th 09:00-21:00,,['osm'],['node/6536481386'],1,False,True
مطعم غوزي ( sh ),restaurant,13.9796563,44.1593004,,,,,,['osm'],['node/6560926495'],1,False,True
التاج الملكي,hotel,13.9696242,44.1541212,,,,,,['osm'],['node/6560953690'],1,False,True
اعلى قمه ورف ( sh ),alpine_hut,13.9558611,44.1266013,,,,,,['osm'],['node/6560953695'],1,False,True
مطعم الدار دارك ( Sh ),restaurant,13.9798166,44.1591912,,,,,,['osm'],['node/6561013985'],1,False,True
مجمع اب التجاري,mall,13.9745228,44.1744628,,,,,,['osm'],['node/6588389986'],1,False,True
مكتب تروبيك إنترناشيونال للسفريات,ticket,13.9757421,44.1776816,شارع العدين الخلفي,,,,,['osm'],['node/6588390186'],1,False,True
مركز النمر التجاري,variety_store,13.9752632,44.1784649,,,,,,['osm'],['node/6588426587'],1,False,True
الوالي ادوات منزليه,hardware,13.9746405,44.1830743,,,,,,['osm'],['node/6591743120'],1,False,True
القصر الملكي ( sh ),hotel,13.9698664,44.1540883,,,,,,['osm'],['node/6597092186'],1,False,True
ورشة علي فارع وماجد السياني,car_repair,13.9569508,44.1873683,,715748675,,Sa-Th 09:00-19:00,,['osm'],['node/6720046786'],1,False,True
بقالة الوصابي,supermarket,13.9578769,44.1828093,,,,Mo-Su 09:00-19:00,,['osm'],['node/6720046787'],1,False,True
صالة الغزالي,motel,13.9612462,44.1880424,,,,,,['osm'],['node/6720046792'],1,False,True
مطاعم الدار ٢,restaurant,13.9578492,44.1733883,,,,Mo-Su 07:00-22:00,,['osm'],['node/6720046793'],1,False,True
جامع معاذ بن جبل,place_of_worship,13.9542075,44.1831786,,,,,,['osm'],['node/6720050085'],1,False,True
بقالة الشلال,supermarket,13.9723461,44.1957219,,,,Mo-Su 09:00-21:00,,['osm'],['node/6720067895'],1,False,True
منتزة الشلال,viewpoint,13.972397,44.1953872,,,,,,['osm'],['node/6720067899'],1,False,True
شبكه الحجري نت,internet_cafe,13.957948,44.182628,,,,,,['osm'],['node/6725239885'],1,False,True
خيمة حضرموت,restaurant,13.9507103,44.1767655,,,,,,['osm'],['node/6776901391'],1,False,True
عيادة الحياة,clinic,13.9674015,44.1723304,شارع الجامعة,771213132,http://anas77073@gmail.com,24/7,,['osm'],['node/6793081686'],1,False,True
مستشفى جبلة,hospital,13.92606,44.149569,,,,,,['osm'],['node/6937224474'],1,False,True
مجلس استراحة العقيق ( الشيخ العزي محمد رويد),internet_cafe,13.970267,44.1671132,الظهار,,,,,['osm'],['node/7088489385'],1,False,True
جامع الرحمن,place_of_worship,13.9709685,44.1667525,الظهار,,,,,['osm'],['node/7088489485'],1,False,True
بقالة سليم,convenience,13.9703448,44.1668926,,,,,,['osm'],"['node/7095939486', 'node/7629575485']",1,False,True
,convenience,13.970349,44.1669045,,,,,,['osm'],['node/7095946886'],1,False,True
بقاله سليم,convenience,13.9702712,44.1668097,,,,,,['osm'],['node/7095946887'],1,False,True
بقالة صبيح,convenience,13.9704729,44.1667011,,,,,,['osm'],['node/7095947085'],1,False,True
‏مركز سمايل كير,dentist,13.9472923,44.1768958,,,,"Sa-Th 09:00-13:00, 16:00-19:00",,['osm'],['node/7177304885'],1,False,True
صيدلية الوحدة,pharmacy,13.9787253,44.1857631,شارع مستشفى ناصر,,,Mo-Su 09:00-23:30,,['osm'],['node/7236130785'],1,False,True
مدرسة الشعب,school,13.9776417,44.1853979,شارع مستشفى ناصر,,,Sa-We 08:00-16:00,,['osm'],['node/7236130786'],1,False,True
بقالة الجراش,supermarket,13.9783458,44.184232,شارع حارة سليمان,,,,,['osm'],['node/7236136785'],1,False,True
شركة تليمن للاتصالات,telecommunication,13.9780474,44.1850389,"شارع المنضر, 04406844",04406844,https://www.teleyemen.com.ye/ar/,Sa-Th 09:00-18:00,,['osm'],['node/7236145385'],1,False,True
مطعم ابراج العرب,restaurant,13.9780658,44.1833053,شارع صنعاء,,,24/7,,['osm'],['node/7236145386'],1,False,True
,picnic_site,13.9774654,44.1833915,,,,,,['osm'],['node/7236145485'],1,False,True
مسجد مارح,place_of_worship,13.9786917,44.1840677,شارع حارة سليمان,,,,,['osm'],['node/7236145585'],1,False,True
مستوصف الدكتور احمد الزمر,hospital,13.9761879,44.1680318,أبلان,777747142,,"Sa-Th 08:00-14:00, 16:00-20:00",,['osm'],['node/7334323185'],1,False,True
جامع,place_of_worship,13.9493082,44.1748427,حراثة السفلي,,,,,['osm'],['node/7575309986'],1,False,True
معرض سيارات,car,13.9487824,44.1751634,,,,,,['osm'],['node/7575309988'],1,False,True
المعرض الامريكي,car,13.94933,44.1733464,حراثه السفلي,,,,,['osm'],['node/7575310186'],1,False,True
ورشة محرز للصيانة البطارية والرديترات,car_repair,13.9582571,44.1811831,شارع تعز مفرق ميتم,,,Sa-Th 09:00-21:00,,['osm'],['node/7575310187'],1,False,True
مستوصف دار العافية,clinic,13.9524529,44.1758487,طريق صنعاء تعز,,,,,['osm'],['node/7575310188'],1,False,True
مدرسة الرواد الاهلية,school,13.9502105,44.1757836,حراثه السفلي,,,,,['osm'],['node/7575310189'],1,False,True
رانتك للتقنية والكمبيوتر وكاميرات المراقبة,computer,13.9626099,44.1805598,شارع تعز أسفل مجمع السعيد التربوي,777416214,,,,['osm'],['node/7575310285'],1,False,True
عبدالكريم مارح,fuel,13.9511573,44.1763772,طريق صنعاء تعز,,,,,['osm'],['node/7575310286'],1,False,True
معرض سيارات,car,13.9483461,44.1735515,,,,,,['osm'],['node/7575310287'],1,False,True
محلات البعداني لبيع قطع غيار السيارات,tyres,13.9590526,44.1780959,خط الصلبه,,,,,['osm'],['node/7575310385'],1,False,True
التراث اليمني,restaurant,13.9526332,44.1758071,طريق صنعاء تعز,,,,,['osm'],['node/7575310386'],1,False,True
مدارس النور الاهلية,school,13.9484424,44.1746692,حراثه السفلي,,,,,['osm'],['node/7575310485'],1,False,True
التضامن لخدمات الجوال,mobile_phone,13.97554,44.17276,,,,,,['osm'],['node/7687150430'],1,False,True
فندق الحي الراقي,hotel,13.96756,44.17852,,,,,,['osm'],['node/7687163419'],1,False,True
مسجد السنة,place_of_worship,13.9057481,44.1617319,,,,,,['osm'],['node/7687168720'],1,False,True
مسجد ذي البقلة,place_of_worship,13.9003112,44.1552108,,,,,,['osm'],['node/7760323223'],1,False,True
الجامع القديم,place_of_worship,13.9001391,44.1606208,,,,,,['osm'],['node/7760325325'],1,False,True
مسجد,place_of_worship,13.9004658,44.1628625,,,,,,['osm'],['node/7760326323'],1,False,True
الفاروق للتجارة والتوزيع,cosmetics,13.9767923,44.1799641,شارع العدين الخلفي فوق شركة النفط,,,Sa-Th 09:00-22:00,,['osm'],['node/7849275285'],1,False,True
مكتب الانشاء والاعمار,estate_agent,13.9687408,44.1704342,"شارع الملكة أروى, اب",00967777710547,,,,['osm'],['node/7951732670'],1,False,True
صيدلية إكسير,pharmacy,13.9713823,44.1587035,خط اب الحديدة,773222236,,Mo-Su 08:00-22:00,,['osm'],['node/8175289917'],1,False,True
مسجد عمر بن الخطاب,place_of_worship,13.9740991,44.1771636,شارع العدين,,,,,['osm'],['node/8308649018'],1,False,True
مدرسة الشهيد الصباحي,school,13.972756,44.1757731,المحافظة,,,Sa-We 07:00-12:00,,['osm'],['node/8308649019'],1,False,True
مسجد الحمزة,place_of_worship,13.9707815,44.1787768,المحافظة,,,,,['osm'],['node/8308649218'],1,False,True
مسجد الضياء,place_of_worship,13.9723939,44.1760453,المحافظة,,,,,['osm'],['node/8308649219'],1,False,True
المهندس ابراهيم صبر 2,electronics,13.9686802,44.1685228,"شارع الملكة أروى, 30",773915035,https://www.facebook.com/Ebrahim.sabeer2/,Sa-Th 09:00-23:00,,['osm'],['node/8403559717'],1,False,True
مدرسة أروى للبنات,school,13.9750894,44.1798537,الوازعية,,,,,['osm'],['node/8530136417'],1,False,True
جامع عمر بن عبدالعزيز,place_of_worship,13.9750535,44.1750843,شارع العدين,,,,,['osm'],['node/8530144118'],1,False,True
مركز جرعان للتسوق,department_store,13.9736857,44.1756193,شارع العدين,,,Mo-Su 09:00-22:00,,['osm'],['node/8530154517'],1,False,True
جامع عمر ابن الخطاب,place_of_worship,13.9741341,44.1771218,شارع العدين,,,,,['osm'],['node/8530159051'],1,False,True
فندق فلسطين,hotel,13.9719378,44.1753728,,,,,,['osm'],['node/8554744718'],1,False,True
معهد هاش تك,library,13.9581647,44.1701089,شارع 22 مايو,+967775844558,,Sa-Th 08:00-17:30,,['osm'],['node/8776320029'],1,False,True
مستشفى الأمين النموذجي,clinic,13.9711139,44.1504986,,,,,,['osm'],['node/8951013818'],1,False,True
بنك فتلب,bank,14.0339628,44.1736354,,,,,,['osm'],['node/8990530421'],1,False,True
نسيب احمد الجن,caravan_site,13.9893463,44.1686773,العارضه العليا,,,Fr 00:00-24:00,,['osm'],['node/8990534317'],1,False,True
الناهي للإلكترونيات,electronics,13.9735242,44.1671826,شارع العدين,00967777881500,,Mo-Su 08:00-22:00,,['osm'],['node/9595256717'],1,False,True
فندق القصر الملكي,hotel,13.9698307,44.1540514,,,,,,['osm'],['node/9722604817'],1,False,True
وادي الجنات ( Sh ),attraction,14.0363967,44.185087,,,,,,['osm'],['node/9735134017'],1,False,True
فوكس,clothes,13.9750869,44.1777575,شارع العدين,,,,,['osm'],['node/9895439318'],1,False,True
مؤسسة سعيد نعمان المخلافي,company,13.9726589,44.1500615,حي السبل,,,,,['osm'],['node/9928145817'],1,False,True
بنك سبأ الإسلامي فرع اب,bank,13.9578508,44.1699456,ش ٢٢ مايو,01401403,http://www.sababank.com,Sa-We 08:30-12:30,,['osm'],['node/9941920018'],1,False,True
متجر التوفير للمواد الغذائية والحلويات,supermarket,13.9548964,44.1863501,,774080888,,,,['osm'],['node/10125219717'],1,False,True
سوق اب,variety_store,13.9746928,44.1770277,,,,,,['osm'],['node/10148862617'],1,False,True
مكتب المحاسب القانوني محمد السمحي,company,13.9741333,44.1684853,شارع العدين,00967770646378,,Th 08:00-19:00,,['osm'],['node/10584069405'],1,False,True
المسلخ المركزي إي,butcher,13.9486751,44.1896553,سكن ميتم,,,24/7,,['osm'],['node/10612039606'],1,False,True
فندق اب كراون,hotel,13.9370938,44.1783412,طريق صنعاء تعز,,,24/7,,['osm'],['node/10688675606'],1,False,True
جوجل للتقنية والكمبيوتر,computer,13.9650298,44.1809836,شارع تعز,,,,,['osm'],['node/10835730311'],1,False,True
جورج الجيلاني,car,13.9375684,44.1701152,"الجباجب, 122",,,24/7,,['osm'],['node/11093676606'],1,False,True
محلات الصبري للخدمات الزراعيه,department_store,13.9551224,44.1820379,مفرق ميتم أمام فندق الأخوين السياحي,,,24/7,,['osm'],['node/11203083537'],1,False,True
عالم الطاقه فرع إب,electronics,13.9728361,44.1693109,,,,,,['osm'],['node/11669200869'],1,False,True
مركز الشارقه إكسبو2 فرع إب,department_store,13.9753864,44.1719691,,,,,,['osm'],['node/11669200969'],1,False,True
فندق الطيف الأخضر,hotel,13.9530032,44.1835968,,,,,,['osm'],['node/12593548842'],1,False,True
مؤسسة المشرقي للمفروشات والأثاث الملكي,furniture,13.9720152,44.1632815,,,,,,['osm'],['node/12593614089'],1,False,True
مكتب ذي يزن للسفريات والسياحة وخدمات الحج والعمرة,travel_agent,13.9659428,44.1630789,,,,,,['osm'],['node/12593616372'],1,False,True
أبو فارس للكيك والحلويات,pastry,13.9687401,44.14023,,,,,,['osm'],['node/12593626799'],1,False,True
مركز العناية لطب الأسنان,dentist,13.97011,44.15568,,,,,,['osm'],['node/12593628509'],1,False,True
مكتب ذي يزن للسفريات والسياحة,travel_agency,13.9660417,44.1629485,"طريق صنعاء تعز, 775449884",+967775449884,https://www.facebook.com/profile.php?id=100064656193513&mibextid=wwXIfr&mibextid=wwXIfr,"Mo-Fr,Su,Sa 08:00-23:00",,['osm'],"['node/12726138701', 'node/12726223001']",1,False,True
فندق اكليل اب,viewpoint,13.9776445,44.1598597,,,,,,['osm'],"['node/12859732801', 'node/12859736901']",1,False,True
بقالة المرح - بقالة عبدالواحد,supermarket,13.9616847,44.1481612,الشعوب,,,,,['osm'],['node/13301468801'],1,False,True
مسجد للصلاة,place_of_worship,13.9623853,44.1458392,,,,,,['osm'],['node/13602460601'],1,False,True
,agricultural_engines,13.9681296,44.1670881,,,,,,['osm'],['node/14056856967'],1,False,True
جامعة إب,university,13.9606035,44.1722495,,,,,,['osm'],['way/408604003'],1,False,True
Maka Mall,mall,13.9654092,44.1818215,,,,,,['osm'],['way/408604004'],1,False,True
Mazaya Center,mall,13.9580078,44.1816003,,,,,,['osm'],['way/408604005'],1,False,True
Retage Restaurant,restaurant,13.9808297,44.1586933,,,,,,['osm'],['way/408604006'],1,False,True
City Max,mall,13.9510957,44.1767516,,,,,,['osm'],['way/408604007'],1,False,True
DamaranSupermarket,supermarket,13.9656958,44.1644015,,,,,,['osm'],['way/408604502'],1,False,True
الفرسان للطباعة وخدمات الكمبيوتر والجوال,company,13.9646126,44.1797303,"13.96405,44.17968, اب, الجمري, مديرية المشنة, محافظة إب, اليمن",,,Mo-Sa 08:00-20:00,,['osm'],['way/778059774'],1,False,True
,parking,13.9600163,44.1715468,,,,,,['osm'],['way/995124812'],1,False,True
,parking,13.9572382,44.1768327,,,,,,['osm'],['way/995124813'],1,False,True
