name,category,latitude,longitude,address,phone,website,opening_hours,products_services,sources,source_ids,source_count,google_present,osm_present
,supermarket,14.0365315,44.1728978,,,,,,"[""osm""]","[""node/2406406033""]",1,false,true
اسواق مكه,clothes,13.9655118,44.1817723,طريق اب القديمة,,,,,"[""osm""]","[""node/4109123689""]",1,false,true
home center,clothes,13.958272,44.1813906,,,,,,"[""osm""]","[""node/4109165693""]",1,false,true
سوبرماركت ظمران ,supermarket,13.9655404,44.1640815,خط تعز صنعاء,,,,,"[""osm""]","[""node/4109193591""]",1,false,true
ستي ماكس,clothes,13.9511224,44.1765271,خط تعز صنعاء,,,,,"[""osm""]","[""node/4315878690""]",1,false,true
التوفير مول,clothes,13.9524747,44.1761022,خط تعز صنعاء,,,,,"[""osm""]","[""node/4315881692""]",1,false,true
مثلث الاتصالات,convenience,13.9507883,44.1761167,,,,,,"[""osm""]","[""node/4367901716""]",1,false,true
العزي الساده,supermarket,13.9560847,44.1801342,خط تعز صنعاء,,,,,"[""osm""]","[""node/4375768791""]",1,false,true
مركز المهندس ابراهيم صبر خدمات الالكترونيات,car_repair,13.9770418,44.1813052,"شارع العدين الخلفي, 04",773915035,http://Lion esmaeil sabeer@facebook.com,Sa-Th 09:00-22:30,,"[""osm""]","[""node/4389265291""]",1,false,true
مركز برج المدينه التجاري,clothes,13.9739347,44.1840263,,,,,,"[""osm""]","[""node/4406521990""]",1,false,true
مركز التوفير مول,clothes,13.953459,44.1758742,,,,,,"[""osm""]","[""node/4406594292""]",1,false,true
عالم الطاقة وكيل شركة سوكام الهندية,convenience,13.9708986,44.1825486,خط تعز صنعاء,04402560,,Mo-Su 08:00-20:00,,"[""osm""]","[""node/4455161801""]",1,false,true
يمن موبايل,mobile_phone,13.97207,44.17544,,,https://www.yemenmobile.com.ye/,,,"[""osm""]","[""node/4753405121""]",1,false,true
مخزن اديزون استيراد وبيع كاميرات مراقبة,computer,13.9656227,44.1809486,شارع تعز,777475675,,,,"[""osm""]","[""node/4947954023""]",1,false,true
بقالة بن فيروز,supermarket,13.9598112,44.181341,,,,,,"[""osm""]","[""node/5015694721""]",1,false,true
البلاد مول,department_store,13.9624302,44.1676936,خط تعز صنعاء,,,24/7,,"[""osm""]","[""node/5056807724""]",1,false,true
مركز تحطيم الأسعار,convenience,13.9660001,44.163015,خط تعز صنعاء,,,,,"[""osm""]","[""node/5056832822""]",1,false,true
مركز النمر لقطع غيار,car_parts,13.963361,44.1522166,خط ‏الثلاثين جوبله,04458666,,Sa-Th 09:00-21:00; Fr 14:00-20:00,,"[""osm""]","[""node/5127908822""]",1,false,true
Google.com,mobile_phone,13.9783617,44.1657363,,,,,,"[""osm""]","[""node/5212953121""]",1,false,true
مغاسل بغداد البخارية,laundry,13.971113,44.1509548,خط اب الحديدة,+9674457437,,Mo-Su 07:00-23:00,,"[""osm""]","[""node/5359072321""]",1,false,true
الصرمي للمفروشات,furniture,13.9803771,44.1675907,إب,,,,,"[""osm""]","[""node/5654622653""]",1,false,true
عبايات الشارقة 2,clothes,13.9747349,44.1771988,شارع العدين,777255285,,Mo-Su 08:00-23:00,,"[""osm""]","[""node/5706964821""]",1,false,true
الفتح موبايل,mobile_phone,13.9744375,44.1676176,,,,,,"[""osm""]","[""node/5721467421""]",1,false,true
صالون الأمراء,hairdresser,13.9666903,44.182127,خط تعز صنعاء,777433994,https://www.zoom.com/,,,"[""osm""]","[""node/5778897054""]",1,false,true
المصنع الحديث ابواب سحاب,convenience,13.9835179,44.1619566,المعاين طلعه حيدر,777000046,https://mfddoors.business.site,Sa-Th 08:00-21:00,,"[""osm""]","[""node/5912771985""]",1,false,true
عالم التقنية للكمبيوتر,computer,13.9680825,44.1821867,شارع تعز,0096704429111,,Sa-Th 09:00-21:00,,"[""osm""]","[""node/6536481386""]",1,false,true
مجمع اب التجاري,mall,13.9745228,44.1744628,,,,,,"[""osm""]","[""node/6588389986""]",1,false,true
مكتب تروبيك إنترناشيونال للسفريات,ticket,13.9757421,44.1776816,شارع العدين الخلفي,,,,,"[""osm""]","[""node/6588390186""]",1,false,true
مركز النمر التجاري,variety_store,13.9752632,44.1784649,,,,,,"[""osm""]","[""node/6588426587""]",1,false,true
الوالي ادوات منزليه,hardware,13.9746405,44.1830743,,,,,,"[""osm""]","[""node/6591743120""]",1,false,true
ورشة علي فارع وماجد السياني,car_repair,13.9569508,44.1873683,,715748675,,Sa-Th 09:00-19:00,,"[""osm""]","[""node/6720046786""]",1,false,true
بقالة الوصابي,supermarket,13.9578769,44.1828093,,,,Mo-Su 09:00-19:00,,"[""osm""]","[""node/6720046787""]",1,false,true
بقالة الشلال,supermarket,13.9723461,44.1957219,,,,Mo-Su 09:00-21:00,,"[""osm""]","[""node/6720067895""]",1,false,true
بقالة سليم,convenience,13.9703448,44.1668926,,,,,,"[""osm""]","[""node/7095939486"",""node/7629575485""]",1,false,true
,convenience,13.970349,44.1669045,,,,,,"[""osm""]","[""node/7095946886""]",1,false,true
بقاله سليم,convenience,13.9702712,44.1668097,,,,,,"[""osm""]","[""node/7095946887""]",1,false,true
بقالة صبيح,convenience,13.9704729,44.1667011,,,,,,"[""osm""]","[""node/7095947085""]",1,false,true
بقالة الجراش,supermarket,13.9783458,44.184232,شارع حارة سليمان,,,,,"[""osm""]","[""node/7236136785""]",1,false,true
معرض سيارات,car,13.9487824,44.1751634,,,,,,"[""osm""]","[""node/7575309988""]",1,false,true
المعرض الامريكي,car,13.94933,44.1733464,حراثه السفلي,,,,,"[""osm""]","[""node/7575310186""]",1,false,true
ورشة محرز للصيانة البطارية والرديترات,car_repair,13.9582571,44.1811831,شارع تعز مفرق ميتم,,,Sa-Th 09:00-21:00,,"[""osm""]","[""node/7575310187""]",1,false,true
رانتك للتقنية والكمبيوتر وكاميرات المراقبة,computer,13.9626099,44.1805598,شارع تعز أسفل مجمع السعيد التربوي,777416214,,,,"[""osm""]","[""node/7575310285""]",1,false,true
معرض سيارات,car,13.9483461,44.1735515,,,,,,"[""osm""]","[""node/7575310287""]",1,false,true
محلات البعداني لبيع قطع غيار السيارات,tyres,13.9590526,44.1780959,خط الصلبه,,,,,"[""osm""]","[""node/7575310385""]",1,false,true
التضامن لخدمات الجوال,mobile_phone,13.97554,44.17276,,,,,,"[""osm""]","[""node/7687150430""]",1,false,true
الفاروق للتجارة والتوزيع,cosmetics,13.9767923,44.1799641,شارع العدين الخلفي فوق شركة النفط,,,Sa-Th 09:00-22:00,,"[""osm""]","[""node/7849275285""]",1,false,true
المهندس ابراهيم صبر 2,electronics,13.9686802,44.1685228,"شارع الملكة أروى, 30",773915035,https://www.facebook.com/Ebrahim.sabeer2/,Sa-Th 09:00-23:00,,"[""osm""]","[""node/8403559717""]",1,false,true
مركز جرعان للتسوق,department_store,13.9736857,44.1756193,شارع العدين,,,Mo-Su 09:00-22:00,,"[""osm""]","[""node/8530154517""]",1,false,true
الناهي للإلكترونيات,electronics,13.9735242,44.1671826,شارع العدين,00967777881500,,Mo-Su 08:00-22:00,,"[""osm""]","[""node/9595256717""]",1,false,true
فوكس,clothes,13.9750869,44.1777575,شارع العدين,,,,,"[""osm""]","[""node/9895439318""]",1,false,true
متجر التوفير للمواد الغذائية والحلويات,supermarket,13.9548964,44.1863501,,774080888,,,,"[""osm""]","[""node/10125219717""]",1,false,true
سوق اب,variety_store,13.9746928,44.1770277,,,,,,"[""osm""]","[""node/10148862617""]",1,false,true
المسلخ المركزي إي,butcher,13.9486751,44.1896553,سكن ميتم,,,24/7,,"[""osm""]","[""node/10612039606""]",1,false,true
جوجل للتقنية والكمبيوتر,computer,13.9650298,44.1809836,شارع تعز,,,,,"[""osm""]","[""node/10835730311""]",1,false,true
جورج الجيلاني,car,13.9375684,44.1701152,"الجباجب, 122",,,24/7,,"[""osm""]","[""node/11093676606""]",1,false,true
محلات الصبري للخدمات الزراعيه,department_store,13.9551224,44.1820379,مفرق ميتم أمام فندق الأخوين السياحي,,,24/7,,"[""osm""]","[""node/11203083537""]",1,false,true
عالم الطاقه فرع إب,electronics,13.9728361,44.1693109,,,,,,"[""osm""]","[""node/11669200869""]",1,false,true
مركز الشارقه إكسبو2 فرع إب,department_store,13.9753864,44.1719691,,,,,,"[""osm""]","[""node/11669200969""]",1,false,true
مؤسسة المشرقي للمفروشات والأثاث الملكي,furniture,13.9720152,44.1632815,,,,,,"[""osm""]","[""node/12593614089""]",1,false,true
أبو فارس للكيك والحلويات,pastry,13.9687401,44.14023,,,,,,"[""osm""]","[""node/12593626799""]",1,false,true
مكتب ذي يزن للسفريات والسياحة,travel_agency,13.9660417,44.1629485,"طريق صنعاء تعز, 775449884",+967775449884,https://www.facebook.com/profile.php?id=100064656193513&mibextid=wwXIfr&mibextid=wwXIfr,"Mo-Fr,Su,Sa 08:00-23:00",,"[""osm""]","[""node/12726138701"",""node/12726223001""]",1,false,true
بقالة المرح - بقالة عبدالواحد,supermarket,13.9616847,44.1481612,الشعوب,,,,,"[""osm""]","[""node/13301468801""]",1,false,true
Maka Mall,mall,13.9654092,44.1818215,,,,,,"[""osm""]","[""way/408604004""]",1,false,true
Mazaya Center,mall,13.9580078,44.1816003,,,,,,"[""osm""]","[""way/408604005""]",1,false,true
City Max,mall,13.9510957,44.1767516,,,,,,"[""osm""]","[""way/408604007""]",1,false,true
DamaranSupermarket,supermarket,13.9656958,44.1644015,,,,,,"[""osm""]","[""way/408604502""]",1,false,true
